CREATE TABLE Customers (
    customer_id INT PRIMARY KEY,
    name VARCHAR(100),
    dob DATE,
    email VARCHAR(100),
    phone VARCHAR(50)
);
CREATE TABLE Accounts (
    account_id INT PRIMARY KEY,
    customer_id INT,
    account_type VARCHAR(50),
    balance DECIMAL(12,2),
    FOREIGN KEY (customer_id) REFERENCES Customers(customer_id)
);
CREATE TABLE Transactions (
    txn_id INT PRIMARY KEY,
    account_id INT,
    date DATE,
    amount DECIMAL(12,2),
    txn_type VARCHAR(10),
    FOREIGN KEY (account_id) REFERENCES Accounts(account_id)
);
CREATE TABLE Loans (
    loan_id INT PRIMARY KEY,
    customer_id INT,
    loan_amount DECIMAL(12,2),
    interest_rate DECIMAL(5,2),
    start_date DATE,
    status VARCHAR(20),
    FOREIGN KEY (customer_id) REFERENCES Customers(customer_id)
);
INSERT INTO Customers VALUES (1, 'Michelle Boyd', '1962-12-09', 'brian03@martinez.info', '200.177.2697');
INSERT INTO Customers VALUES (2, 'Ashley Keller', '1966-12-28', 'mgonzalez@hotmail.com', '850.695.3525x711');
INSERT INTO Customers VALUES (3, 'Taylor Stewart', '1997-07-12', 'pjohnson@austin-richardson.com', '101-945-2721x6660');
INSERT INTO Customers VALUES (4, 'Gary Ashley', '1981-04-27', 'arobertson@jenkins.com', '(936)656-2777');
INSERT INTO Customers VALUES (5, 'Rebecca Thompson', '1982-09-30', 'ryancastro@gmail.com', '+1-365-260-3618x33489');
INSERT INTO Customers VALUES (6, 'Vanessa Taylor', '1973-03-21', 'craig34@buckley-wiggins.com', '(168)723-8187x99331');
INSERT INTO Customers VALUES (7, 'Melissa Nelson', '1970-02-20', 'lopezjennifer@gmail.com', '0903582336');
INSERT INTO Customers VALUES (8, 'Sheryl Ward', '1963-02-17', 'torresroger@watson.com', '714-199-1118x8943');
INSERT INTO Customers VALUES (9, 'Allison Jackson', '1975-06-21', 'zmorris@kelly.com', '404-888-8407');
INSERT INTO Customers VALUES (10, 'Alyssa Bowman', '2003-04-25', 'charleschapman@thomas.info', '(767)870-7372');
INSERT INTO Customers VALUES (11, 'Jasmine Boyd', '1994-01-31', 'morsebrian@edwards.com', '043.669.6303x8483');
INSERT INTO Customers VALUES (12, 'Thomas Jordan', '1971-10-22', 'jacobsimpson@hansen.com', '284.352.7170x81120');
INSERT INTO Customers VALUES (13, 'Theresa Abbott', '1982-03-23', 'aguilarzachary@yahoo.com', '+1-877-042-4697x09707');
INSERT INTO Customers VALUES (14, 'Carl Rodriguez', '1982-01-01', 'geraldsmith@jefferson.com', '895.738.1285x352');
INSERT INTO Customers VALUES (15, 'Stephen Gillespie', '1994-02-25', 'gcombs@hotmail.com', '4317956123');
INSERT INTO Customers VALUES (16, 'Michael Clark', '1994-01-18', 'dianejones@banks.com', '7158328058');
INSERT INTO Customers VALUES (17, 'Jessica Young', '1971-09-15', 'amandathompson@hotmail.com', '336.892.1962x0223');
INSERT INTO Customers VALUES (18, 'Dr. Tyler Watson MD', '1995-03-24', 'dchavez@perkins.com', '(242)841-1198x132');
INSERT INTO Customers VALUES (19, 'Samantha Webster', '1979-02-05', 'matthew93@hotmail.com', '001-387-914-2866');
INSERT INTO Customers VALUES (20, 'Andrea Copeland', '1994-01-25', 'imeza@bryant-miller.net', '993.744.1245x9061');
INSERT INTO Customers VALUES (21, 'Jane Rodriguez', '1966-01-03', 'edwardburns@hotmail.com', '(607)874-4956x6469');
INSERT INTO Customers VALUES (22, 'Eric Silva', '1970-06-24', 'kennethdunn@munoz-warner.net', '+1-357-585-9768x18499');
INSERT INTO Customers VALUES (23, 'Nicole Paul', '2004-03-02', 'masonmatthew@stone.com', '001-649-507-3265');
INSERT INTO Customers VALUES (24, 'Anna Adams', '1972-08-24', 'mendezkaren@riddle.biz', '001-770-938-6521x02687');
INSERT INTO Customers VALUES (25, 'Justin Parrish', '1960-05-31', 'erin76@yahoo.com', '1047663370');
INSERT INTO Customers VALUES (26, 'Tracy Bates', '1996-07-24', 'herrerabruce@barker.biz', '022.104.3463x87984');
INSERT INTO Customers VALUES (27, 'Laurie Rivera', '1999-02-12', 'janicenorman@yahoo.com', '945.675.4964');
INSERT INTO Customers VALUES (28, 'Jennifer Jones', '2006-01-29', 'jonesjeanne@hotmail.com', '003-691-3268');
INSERT INTO Customers VALUES (29, 'Angela Bryan', '1976-06-01', 'jessica30@yahoo.com', '+1-066-118-9399x17915');
INSERT INTO Customers VALUES (30, 'Joyce Elliott', '1970-02-11', 'douglascarlson@yahoo.com', '+1-470-912-5181x46687');
INSERT INTO Customers VALUES (31, 'Erin Molina', '1960-05-08', 'wendyhorton@hotmail.com', '001-746-095-2549x031');
INSERT INTO Customers VALUES (32, 'Laura Roberts', '1999-01-29', 'nwilliamson@gmail.com', '001-663-987-8441x933');
INSERT INTO Customers VALUES (33, 'Samantha Jackson', '1970-03-16', 'theresagonzalez@gmail.com', '001-285-877-9076x86922');
INSERT INTO Customers VALUES (34, 'Shirley Jones', '1979-06-10', 'brewerjoseph@richards.com', '871-932-6416');
INSERT INTO Customers VALUES (35, 'Rebecca Cunningham', '1993-09-29', 'kevin09@yahoo.com', '+1-909-843-1400');
INSERT INTO Customers VALUES (36, 'Caroline Bauer', '1976-01-07', 'john79@holder.com', '001-443-262-9882x8912');
INSERT INTO Customers VALUES (37, 'Sean Parker', '1964-08-05', 'ykirby@gmail.com', '988.533.4521');
INSERT INTO Customers VALUES (38, 'Hannah Munoz', '2002-07-03', 'patrick78@gmail.com', '(728)437-5805x07735');
INSERT INTO Customers VALUES (39, 'Andrea Hall', '1998-01-17', 'rodriguezmichele@cline.com', '+1-355-283-4027x336');
INSERT INTO Customers VALUES (40, 'Jacob Hall', '1991-05-17', 'anthony22@pham.com', '(209)608-7969x6159');
INSERT INTO Customers VALUES (41, 'Emily Schroeder', '1967-07-27', 'xenglish@williams.info', '888-289-2856x496');
INSERT INTO Customers VALUES (42, 'Vanessa Watkins', '1992-08-18', 'marcus89@johnson-morgan.com', '(829)952-1653');
INSERT INTO Customers VALUES (43, 'Phillip Fields', '1997-05-01', 'alyssawebb@johnson.com', '+1-621-970-2843x0114');
INSERT INTO Customers VALUES (44, 'Eric Frederick', '1967-06-27', 'daniellerubio@stevens.com', '451.277.9379');
INSERT INTO Customers VALUES (45, 'Amanda Espinoza', '1973-09-01', 'blewis@johnson.com', '+1-709-954-6831x9917');
INSERT INTO Customers VALUES (46, 'Jillian Sanchez', '1973-07-04', 'taylorwillie@palmer-cook.org', '001-517-213-0349x3288');
INSERT INTO Customers VALUES (47, 'Andrew Stephens', '1982-07-20', 'pmacias@caldwell.com', '001-572-628-3206');
INSERT INTO Customers VALUES (48, 'John Lawrence', '2003-01-16', 'terrilove@simmons.net', '(632)277-5189x865');
INSERT INTO Customers VALUES (49, 'Larry Baker', '1985-10-06', 'ryan90@hotmail.com', '374.490.8737');
INSERT INTO Customers VALUES (50, 'Ronald Willis', '1963-01-19', 'christophervaldez@hotmail.com', '+1-540-978-4087x207');
INSERT INTO Accounts VALUES (1, 1, 'Savings', 81440.42);
INSERT INTO Accounts VALUES (2, 1, 'Savings', 12407.19);
INSERT INTO Accounts VALUES (3, 2, 'Savings', 43347.21);
INSERT INTO Accounts VALUES (4, 3, 'Current', 72452.43);
INSERT INTO Accounts VALUES (5, 3, 'Savings', 36080.14);
INSERT INTO Accounts VALUES (6, 4, 'Savings', 65905.49);
INSERT INTO Accounts VALUES (7, 4, 'Savings', 76261.7);
INSERT INTO Accounts VALUES (8, 5, 'Current', 36016.98);
INSERT INTO Accounts VALUES (9, 5, 'Current', 85761.34);
INSERT INTO Accounts VALUES (10, 6, 'Current', 13035.14);
INSERT INTO Accounts VALUES (11, 6, 'Current', 81901.6);
INSERT INTO Accounts VALUES (12, 7, 'Current', 44492.98);
INSERT INTO Accounts VALUES (13, 7, 'Savings', 35239.18);
INSERT INTO Accounts VALUES (14, 8, 'Savings', 60287.73);
INSERT INTO Accounts VALUES (15, 8, 'Current', 40951.68);
INSERT INTO Accounts VALUES (16, 9, 'Current', 65879.07);
INSERT INTO Accounts VALUES (17, 10, 'Current', 86302.01);
INSERT INTO Accounts VALUES (18, 11, 'Current', 66876.87);
INSERT INTO Accounts VALUES (19, 12, 'Current', 94488.24);
INSERT INTO Accounts VALUES (20, 13, 'Current', 73627.13);
INSERT INTO Accounts VALUES (21, 13, 'Current', 36913.17);
INSERT INTO Accounts VALUES (22, 14, 'Current', 12795.99);
INSERT INTO Accounts VALUES (23, 14, 'Savings', 67359.89);
INSERT INTO Accounts VALUES (24, 15, 'Current', 58496.11);
INSERT INTO Accounts VALUES (25, 15, 'Savings', 40858.51);
INSERT INTO Accounts VALUES (26, 16, 'Current', 37854.96);
INSERT INTO Accounts VALUES (27, 16, 'Current', 37183.77);
INSERT INTO Accounts VALUES (28, 17, 'Savings', 10627.72);
INSERT INTO Accounts VALUES (29, 17, 'Savings', 47157.68);
INSERT INTO Accounts VALUES (30, 18, 'Savings', 64580.76);
INSERT INTO Accounts VALUES (31, 19, 'Current', 59801.24);
INSERT INTO Accounts VALUES (32, 20, 'Current', 7320.36);
INSERT INTO Accounts VALUES (33, 21, 'Savings', 16963.1);
INSERT INTO Accounts VALUES (34, 21, 'Savings', 36256.85);
INSERT INTO Accounts VALUES (35, 22, 'Current', 93624.7);
INSERT INTO Accounts VALUES (36, 23, 'Current', 70505.44);
INSERT INTO Accounts VALUES (37, 24, 'Savings', 33432.96);
INSERT INTO Accounts VALUES (38, 25, 'Current', 96440.34);
INSERT INTO Accounts VALUES (39, 25, 'Current', 10884.52);
INSERT INTO Accounts VALUES (40, 26, 'Current', 17412.91);
INSERT INTO Accounts VALUES (41, 27, 'Current', 6505.94);
INSERT INTO Accounts VALUES (42, 27, 'Savings', 25019.13);
INSERT INTO Accounts VALUES (43, 28, 'Savings', 91888.17);
INSERT INTO Accounts VALUES (44, 29, 'Current', 46391.44);
INSERT INTO Accounts VALUES (45, 29, 'Current', 68198.79);
INSERT INTO Accounts VALUES (46, 30, 'Current', 24724.12);
INSERT INTO Accounts VALUES (47, 30, 'Savings', 47532.72);
INSERT INTO Accounts VALUES (48, 31, 'Savings', 4071.09);
INSERT INTO Accounts VALUES (49, 32, 'Savings', 46391.07);
INSERT INTO Accounts VALUES (50, 32, 'Savings', 40619.4);
INSERT INTO Accounts VALUES (51, 33, 'Savings', 26090.19);
INSERT INTO Accounts VALUES (52, 33, 'Savings', 19061.76);
INSERT INTO Accounts VALUES (53, 34, 'Current', 97842.72);
INSERT INTO Accounts VALUES (54, 34, 'Current', 84207.74);
INSERT INTO Accounts VALUES (55, 35, 'Current', 97268.23);
INSERT INTO Accounts VALUES (56, 36, 'Savings', 2449.7);
INSERT INTO Accounts VALUES (57, 37, 'Current', 85730.99);
INSERT INTO Accounts VALUES (58, 38, 'Current', 6567.07);
INSERT INTO Accounts VALUES (59, 39, 'Current', 95569.38);
INSERT INTO Accounts VALUES (60, 40, 'Current', 16858.44);
INSERT INTO Accounts VALUES (61, 40, 'Current', 93498.91);
INSERT INTO Accounts VALUES (62, 41, 'Current', 57098.46);
INSERT INTO Accounts VALUES (63, 42, 'Savings', 63504.36);
INSERT INTO Accounts VALUES (64, 43, 'Current', 41226.71);
INSERT INTO Accounts VALUES (65, 43, 'Current', 30001.3);
INSERT INTO Accounts VALUES (66, 44, 'Savings', 25180.56);
INSERT INTO Accounts VALUES (67, 45, 'Savings', 34265.43);
INSERT INTO Accounts VALUES (68, 46, 'Current', 92756.86);
INSERT INTO Accounts VALUES (69, 46, 'Savings', 4780.89);
INSERT INTO Accounts VALUES (70, 47, 'Current', 42830.79);
INSERT INTO Accounts VALUES (71, 48, 'Savings', 1761.4);
INSERT INTO Accounts VALUES (72, 49, 'Current', 6787.7);
INSERT INTO Accounts VALUES (73, 49, 'Current', 78443.89);
INSERT INTO Accounts VALUES (74, 50, 'Current', 95944.66);
INSERT INTO Accounts VALUES (75, 50, 'Savings', 72707.63);
INSERT INTO Transactions VALUES (1, 1, '2025-07-16', 2064.99, 'Debit');
INSERT INTO Transactions VALUES (2, 1, '2025-03-04', 556.12, 'Credit');
INSERT INTO Transactions VALUES (3, 1, '2025-04-27', 4070.23, 'Credit');
INSERT INTO Transactions VALUES (4, 1, '2025-06-30', 2780.51, 'Debit');
INSERT INTO Transactions VALUES (5, 1, '2025-07-02', 576.11, 'Credit');
INSERT INTO Transactions VALUES (6, 2, '2025-05-16', 1481.07, 'Credit');
INSERT INTO Transactions VALUES (7, 2, '2025-06-27', 2675.38, 'Credit');
INSERT INTO Transactions VALUES (8, 2, '2025-08-03', 4256.54, 'Credit');
INSERT INTO Transactions VALUES (9, 2, '2025-06-15', 1224.22, 'Credit');
INSERT INTO Transactions VALUES (10, 2, '2025-03-09', 2337.64, 'Credit');
INSERT INTO Transactions VALUES (11, 2, '2025-07-27', 320.23, 'Credit');
INSERT INTO Transactions VALUES (12, 2, '2025-07-24', 3945.04, 'Credit');
INSERT INTO Transactions VALUES (13, 2, '2025-07-19', 4970.31, 'Debit');
INSERT INTO Transactions VALUES (14, 2, '2025-02-15', 1414.01, 'Credit');
INSERT INTO Transactions VALUES (15, 2, '2025-03-08', 2183.79, 'Credit');
INSERT INTO Transactions VALUES (16, 2, '2025-04-15', 3154.4, 'Credit');
INSERT INTO Transactions VALUES (17, 2, '2025-06-05', 4691.66, 'Credit');
INSERT INTO Transactions VALUES (18, 2, '2025-02-24', 4195.66, 'Debit');
INSERT INTO Transactions VALUES (19, 2, '2025-03-30', 500.56, 'Credit');
INSERT INTO Transactions VALUES (20, 2, '2025-03-28', 3620.38, 'Debit');
INSERT INTO Transactions VALUES (21, 3, '2025-08-11', 1772.94, 'Credit');
INSERT INTO Transactions VALUES (22, 3, '2025-05-05', 4615.46, 'Credit');
INSERT INTO Transactions VALUES (23, 3, '2025-08-06', 4777.38, 'Credit');
INSERT INTO Transactions VALUES (24, 3, '2025-06-04', 1263.36, 'Debit');
INSERT INTO Transactions VALUES (25, 3, '2025-05-05', 1045.41, 'Debit');
INSERT INTO Transactions VALUES (26, 3, '2025-04-04', 410.34, 'Debit');
INSERT INTO Transactions VALUES (27, 3, '2025-03-19', 1911.32, 'Debit');
INSERT INTO Transactions VALUES (28, 3, '2025-08-09', 3523.12, 'Debit');
INSERT INTO Transactions VALUES (29, 3, '2025-05-17', 3225.29, 'Debit');
INSERT INTO Transactions VALUES (30, 3, '2025-05-24', 878.62, 'Credit');
INSERT INTO Transactions VALUES (31, 3, '2025-05-17', 4266.57, 'Debit');
INSERT INTO Transactions VALUES (32, 3, '2025-08-14', 381.35, 'Debit');
INSERT INTO Transactions VALUES (33, 3, '2025-05-09', 974.81, 'Credit');
INSERT INTO Transactions VALUES (34, 3, '2025-04-01', 859.59, 'Debit');
INSERT INTO Transactions VALUES (35, 4, '2025-07-07', 2255.09, 'Debit');
INSERT INTO Transactions VALUES (36, 4, '2025-05-24', 2510.15, 'Credit');
INSERT INTO Transactions VALUES (37, 4, '2025-08-08', 2909.35, 'Debit');
INSERT INTO Transactions VALUES (38, 4, '2025-05-15', 1885.71, 'Debit');
INSERT INTO Transactions VALUES (39, 4, '2025-07-16', 4176.74, 'Debit');
INSERT INTO Transactions VALUES (40, 4, '2025-04-29', 1750.02, 'Debit');
INSERT INTO Transactions VALUES (41, 4, '2025-05-18', 3686.9, 'Debit');
INSERT INTO Transactions VALUES (42, 4, '2025-06-29', 3076.62, 'Credit');
INSERT INTO Transactions VALUES (43, 4, '2025-03-20', 4203.4, 'Debit');
INSERT INTO Transactions VALUES (44, 4, '2025-03-10', 2906.98, 'Debit');
INSERT INTO Transactions VALUES (45, 4, '2025-05-28', 4337.62, 'Debit');
INSERT INTO Transactions VALUES (46, 4, '2025-07-09', 1725.38, 'Debit');
INSERT INTO Transactions VALUES (47, 4, '2025-04-10', 242.27, 'Debit');
INSERT INTO Transactions VALUES (48, 4, '2025-06-03', 4163.52, 'Debit');
INSERT INTO Transactions VALUES (49, 4, '2025-07-30', 656.86, 'Debit');
INSERT INTO Transactions VALUES (50, 5, '2025-07-03', 4858.42, 'Credit');
INSERT INTO Transactions VALUES (51, 5, '2025-07-10', 1910.9, 'Credit');
INSERT INTO Transactions VALUES (52, 5, '2025-05-13', 786.71, 'Credit');
INSERT INTO Transactions VALUES (53, 5, '2025-03-13', 793.5, 'Credit');
INSERT INTO Transactions VALUES (54, 5, '2025-08-13', 1755.32, 'Credit');
INSERT INTO Transactions VALUES (55, 5, '2025-05-21', 693.48, 'Debit');
INSERT INTO Transactions VALUES (56, 5, '2025-06-26', 4204.4, 'Credit');
INSERT INTO Transactions VALUES (57, 5, '2025-06-21', 980.39, 'Debit');
INSERT INTO Transactions VALUES (58, 5, '2025-04-02', 4274.12, 'Debit');
INSERT INTO Transactions VALUES (59, 5, '2025-04-24', 1449.02, 'Debit');
INSERT INTO Transactions VALUES (60, 5, '2025-07-02', 1790.87, 'Credit');
INSERT INTO Transactions VALUES (61, 5, '2025-02-20', 2665.32, 'Debit');
INSERT INTO Transactions VALUES (62, 5, '2025-05-27', 1118.36, 'Credit');
INSERT INTO Transactions VALUES (63, 6, '2025-03-14', 942.0, 'Debit');
INSERT INTO Transactions VALUES (64, 6, '2025-06-23', 2883.77, 'Debit');
INSERT INTO Transactions VALUES (65, 6, '2025-08-03', 3592.99, 'Credit');
INSERT INTO Transactions VALUES (66, 6, '2025-03-24', 3327.17, 'Credit');
INSERT INTO Transactions VALUES (67, 6, '2025-06-25', 4612.92, 'Credit');
INSERT INTO Transactions VALUES (68, 6, '2025-03-01', 1589.39, 'Debit');
INSERT INTO Transactions VALUES (69, 6, '2025-02-13', 656.91, 'Credit');
INSERT INTO Transactions VALUES (70, 6, '2025-03-14', 1273.55, 'Debit');
INSERT INTO Transactions VALUES (71, 6, '2025-07-05', 4734.67, 'Credit');
INSERT INTO Transactions VALUES (72, 6, '2025-07-15', 3687.78, 'Debit');
INSERT INTO Transactions VALUES (73, 6, '2025-06-30', 557.69, 'Debit');
INSERT INTO Transactions VALUES (74, 6, '2025-03-27', 864.02, 'Debit');
INSERT INTO Transactions VALUES (75, 7, '2025-04-05', 2470.37, 'Debit');
INSERT INTO Transactions VALUES (76, 7, '2025-06-30', 2594.51, 'Credit');
INSERT INTO Transactions VALUES (77, 7, '2025-07-28', 699.88, 'Debit');
INSERT INTO Transactions VALUES (78, 7, '2025-07-17', 1675.87, 'Credit');
INSERT INTO Transactions VALUES (79, 7, '2025-06-18', 3145.14, 'Credit');
INSERT INTO Transactions VALUES (80, 7, '2025-04-09', 4829.52, 'Credit');
INSERT INTO Transactions VALUES (81, 7, '2025-07-13', 1030.99, 'Credit');
INSERT INTO Transactions VALUES (82, 7, '2025-05-19', 1123.2, 'Credit');
INSERT INTO Transactions VALUES (83, 7, '2025-08-03', 962.45, 'Debit');
INSERT INTO Transactions VALUES (84, 7, '2025-05-21', 3709.3, 'Debit');
INSERT INTO Transactions VALUES (85, 8, '2025-04-19', 1615.73, 'Credit');
INSERT INTO Transactions VALUES (86, 8, '2025-02-19', 4111.93, 'Debit');
INSERT INTO Transactions VALUES (87, 8, '2025-05-09', 2928.81, 'Credit');
INSERT INTO Transactions VALUES (88, 8, '2025-06-23', 4601.87, 'Debit');
INSERT INTO Transactions VALUES (89, 8, '2025-07-18', 1825.53, 'Credit');
INSERT INTO Transactions VALUES (90, 8, '2025-07-29', 2727.05, 'Debit');
INSERT INTO Transactions VALUES (91, 8, '2025-08-13', 220.59, 'Credit');
INSERT INTO Transactions VALUES (92, 8, '2025-04-19', 2353.96, 'Debit');
INSERT INTO Transactions VALUES (93, 8, '2025-05-25', 955.46, 'Credit');
INSERT INTO Transactions VALUES (94, 8, '2025-06-17', 2650.15, 'Debit');
INSERT INTO Transactions VALUES (95, 8, '2025-06-13', 293.07, 'Debit');
INSERT INTO Transactions VALUES (96, 8, '2025-04-06', 2571.76, 'Credit');
INSERT INTO Transactions VALUES (97, 8, '2025-07-11', 4968.14, 'Credit');
INSERT INTO Transactions VALUES (98, 9, '2025-05-03', 768.72, 'Debit');
INSERT INTO Transactions VALUES (99, 9, '2025-04-09', 4972.85, 'Credit');
INSERT INTO Transactions VALUES (100, 9, '2025-08-03', 2511.45, 'Credit');
INSERT INTO Transactions VALUES (101, 9, '2025-04-06', 2684.43, 'Debit');
INSERT INTO Transactions VALUES (102, 9, '2025-03-25', 2690.52, 'Debit');
INSERT INTO Transactions VALUES (103, 9, '2025-04-02', 124.66, 'Debit');
INSERT INTO Transactions VALUES (104, 9, '2025-06-12', 844.89, 'Debit');
INSERT INTO Transactions VALUES (105, 9, '2025-07-17', 1719.82, 'Credit');
INSERT INTO Transactions VALUES (106, 9, '2025-05-14', 2948.13, 'Debit');
INSERT INTO Transactions VALUES (107, 9, '2025-04-20', 3343.2, 'Debit');
INSERT INTO Transactions VALUES (108, 9, '2025-02-13', 2637.08, 'Debit');
INSERT INTO Transactions VALUES (109, 10, '2025-06-02', 3014.12, 'Credit');
INSERT INTO Transactions VALUES (110, 10, '2025-06-11', 326.59, 'Credit');
INSERT INTO Transactions VALUES (111, 10, '2025-03-16', 4424.82, 'Debit');
INSERT INTO Transactions VALUES (112, 10, '2025-06-25', 2392.49, 'Debit');
INSERT INTO Transactions VALUES (113, 10, '2025-03-27', 1370.77, 'Debit');
INSERT INTO Transactions VALUES (114, 10, '2025-05-23', 3081.65, 'Debit');
INSERT INTO Transactions VALUES (115, 10, '2025-05-22', 4871.09, 'Debit');
INSERT INTO Transactions VALUES (116, 10, '2025-03-16', 656.45, 'Credit');
INSERT INTO Transactions VALUES (117, 10, '2025-04-02', 3366.17, 'Credit');
INSERT INTO Transactions VALUES (118, 10, '2025-07-16', 3646.01, 'Debit');
INSERT INTO Transactions VALUES (119, 10, '2025-07-05', 1063.44, 'Debit');
INSERT INTO Transactions VALUES (120, 10, '2025-03-25', 230.19, 'Credit');
INSERT INTO Transactions VALUES (121, 10, '2025-08-07', 358.39, 'Credit');
INSERT INTO Transactions VALUES (122, 10, '2025-05-12', 397.59, 'Debit');
INSERT INTO Transactions VALUES (123, 10, '2025-06-27', 3918.81, 'Credit');
INSERT INTO Transactions VALUES (124, 11, '2025-03-22', 766.99, 'Debit');
INSERT INTO Transactions VALUES (125, 11, '2025-06-29', 1294.72, 'Debit');
INSERT INTO Transactions VALUES (126, 11, '2025-05-10', 246.11, 'Debit');
INSERT INTO Transactions VALUES (127, 11, '2025-07-16', 2060.25, 'Debit');
INSERT INTO Transactions VALUES (128, 11, '2025-07-23', 2474.43, 'Debit');
INSERT INTO Transactions VALUES (129, 11, '2025-03-17', 552.82, 'Debit');
INSERT INTO Transactions VALUES (130, 11, '2025-05-01', 2975.85, 'Credit');
INSERT INTO Transactions VALUES (131, 11, '2025-03-19', 4478.77, 'Debit');
INSERT INTO Transactions VALUES (132, 11, '2025-08-03', 223.72, 'Credit');
INSERT INTO Transactions VALUES (133, 12, '2025-06-19', 781.68, 'Debit');
INSERT INTO Transactions VALUES (134, 12, '2025-07-19', 1984.66, 'Debit');
INSERT INTO Transactions VALUES (135, 12, '2025-06-21', 846.04, 'Credit');
INSERT INTO Transactions VALUES (136, 12, '2025-04-11', 4208.08, 'Credit');
INSERT INTO Transactions VALUES (137, 12, '2025-06-19', 3369.81, 'Debit');
INSERT INTO Transactions VALUES (138, 12, '2025-02-13', 2448.26, 'Debit');
INSERT INTO Transactions VALUES (139, 12, '2025-07-29', 799.0, 'Debit');
INSERT INTO Transactions VALUES (140, 12, '2025-05-09', 4437.26, 'Credit');
INSERT INTO Transactions VALUES (141, 12, '2025-06-16', 4486.07, 'Debit');
INSERT INTO Transactions VALUES (142, 12, '2025-03-08', 3333.16, 'Debit');
INSERT INTO Transactions VALUES (143, 12, '2025-03-29', 4836.43, 'Credit');
INSERT INTO Transactions VALUES (144, 12, '2025-06-14', 3877.9, 'Debit');
INSERT INTO Transactions VALUES (145, 12, '2025-08-05', 1339.17, 'Credit');
INSERT INTO Transactions VALUES (146, 12, '2025-07-14', 3461.46, 'Credit');
INSERT INTO Transactions VALUES (147, 13, '2025-05-30', 4446.69, 'Debit');
INSERT INTO Transactions VALUES (148, 13, '2025-06-26', 3589.68, 'Debit');
INSERT INTO Transactions VALUES (149, 13, '2025-06-03', 3225.86, 'Credit');
INSERT INTO Transactions VALUES (150, 13, '2025-06-24', 493.19, 'Debit');
INSERT INTO Transactions VALUES (151, 13, '2025-08-05', 1933.8, 'Debit');
INSERT INTO Transactions VALUES (152, 13, '2025-06-13', 3886.32, 'Debit');
INSERT INTO Transactions VALUES (153, 13, '2025-06-19', 4527.41, 'Debit');
INSERT INTO Transactions VALUES (154, 13, '2025-05-09', 1699.37, 'Credit');
INSERT INTO Transactions VALUES (155, 13, '2025-04-18', 1587.69, 'Credit');
INSERT INTO Transactions VALUES (156, 13, '2025-07-20', 2724.57, 'Debit');
INSERT INTO Transactions VALUES (157, 13, '2025-04-19', 4975.05, 'Debit');
INSERT INTO Transactions VALUES (158, 14, '2025-07-21', 228.56, 'Debit');
INSERT INTO Transactions VALUES (159, 14, '2025-05-01', 2126.02, 'Debit');
INSERT INTO Transactions VALUES (160, 14, '2025-06-09', 2401.73, 'Debit');
INSERT INTO Transactions VALUES (161, 14, '2025-07-01', 3964.99, 'Credit');
INSERT INTO Transactions VALUES (162, 14, '2025-07-30', 990.12, 'Credit');
INSERT INTO Transactions VALUES (163, 14, '2025-03-26', 3511.08, 'Credit');
INSERT INTO Transactions VALUES (164, 14, '2025-06-21', 3431.07, 'Credit');
INSERT INTO Transactions VALUES (165, 14, '2025-03-28', 2079.7, 'Debit');
INSERT INTO Transactions VALUES (166, 14, '2025-03-15', 1498.03, 'Credit');
INSERT INTO Transactions VALUES (167, 15, '2025-04-26', 3735.54, 'Debit');
INSERT INTO Transactions VALUES (168, 15, '2025-04-25', 661.36, 'Credit');
INSERT INTO Transactions VALUES (169, 15, '2025-04-27', 2523.49, 'Debit');
INSERT INTO Transactions VALUES (170, 15, '2025-08-01', 4619.34, 'Credit');
INSERT INTO Transactions VALUES (171, 15, '2025-07-21', 4527.17, 'Credit');
INSERT INTO Transactions VALUES (172, 15, '2025-03-18', 1715.72, 'Credit');
INSERT INTO Transactions VALUES (173, 15, '2025-07-30', 622.36, 'Credit');
INSERT INTO Transactions VALUES (174, 15, '2025-08-09', 3376.88, 'Debit');
INSERT INTO Transactions VALUES (175, 15, '2025-02-13', 2041.79, 'Debit');
INSERT INTO Transactions VALUES (176, 15, '2025-03-30', 4514.28, 'Debit');
INSERT INTO Transactions VALUES (177, 15, '2025-06-25', 1305.21, 'Debit');
INSERT INTO Transactions VALUES (178, 15, '2025-05-20', 316.06, 'Debit');
INSERT INTO Transactions VALUES (179, 15, '2025-05-21', 2317.2, 'Credit');
INSERT INTO Transactions VALUES (180, 16, '2025-05-04', 957.49, 'Debit');
INSERT INTO Transactions VALUES (181, 16, '2025-06-06', 4229.69, 'Debit');
INSERT INTO Transactions VALUES (182, 16, '2025-06-28', 635.0, 'Credit');
INSERT INTO Transactions VALUES (183, 16, '2025-07-06', 1820.94, 'Debit');
INSERT INTO Transactions VALUES (184, 16, '2025-03-15', 3099.45, 'Debit');
INSERT INTO Transactions VALUES (185, 17, '2025-07-20', 710.03, 'Credit');
INSERT INTO Transactions VALUES (186, 17, '2025-05-25', 4140.2, 'Credit');
INSERT INTO Transactions VALUES (187, 17, '2025-07-20', 262.55, 'Credit');
INSERT INTO Transactions VALUES (188, 17, '2025-02-15', 415.86, 'Credit');
INSERT INTO Transactions VALUES (189, 17, '2025-06-21', 313.75, 'Credit');
INSERT INTO Transactions VALUES (190, 17, '2025-05-25', 485.27, 'Debit');
INSERT INTO Transactions VALUES (191, 17, '2025-05-26', 2765.73, 'Debit');
INSERT INTO Transactions VALUES (192, 18, '2025-07-24', 116.5, 'Debit');
INSERT INTO Transactions VALUES (193, 18, '2025-07-19', 4448.91, 'Debit');
INSERT INTO Transactions VALUES (194, 18, '2025-04-18', 4515.57, 'Credit');
INSERT INTO Transactions VALUES (195, 18, '2025-03-26', 2387.13, 'Credit');
INSERT INTO Transactions VALUES (196, 18, '2025-07-07', 3021.68, 'Debit');
INSERT INTO Transactions VALUES (197, 18, '2025-08-09', 2970.4, 'Debit');
INSERT INTO Transactions VALUES (198, 18, '2025-07-10', 3178.19, 'Debit');
INSERT INTO Transactions VALUES (199, 18, '2025-05-17', 3620.58, 'Credit');
INSERT INTO Transactions VALUES (200, 19, '2025-07-11', 3610.64, 'Debit');
INSERT INTO Transactions VALUES (201, 19, '2025-05-01', 4896.94, 'Debit');
INSERT INTO Transactions VALUES (202, 19, '2025-05-12', 1240.23, 'Debit');
INSERT INTO Transactions VALUES (203, 19, '2025-02-24', 2036.76, 'Credit');
INSERT INTO Transactions VALUES (204, 19, '2025-07-18', 4231.12, 'Debit');
INSERT INTO Transactions VALUES (205, 20, '2025-06-29', 3765.8, 'Debit');
INSERT INTO Transactions VALUES (206, 20, '2025-07-29', 728.05, 'Credit');
INSERT INTO Transactions VALUES (207, 20, '2025-06-12', 555.82, 'Debit');
INSERT INTO Transactions VALUES (208, 20, '2025-05-01', 4806.91, 'Debit');
INSERT INTO Transactions VALUES (209, 20, '2025-06-01', 432.34, 'Debit');
INSERT INTO Transactions VALUES (210, 20, '2025-02-15', 586.79, 'Credit');
INSERT INTO Transactions VALUES (211, 20, '2025-04-10', 2038.5, 'Debit');
INSERT INTO Transactions VALUES (212, 20, '2025-06-13', 3042.32, 'Credit');
INSERT INTO Transactions VALUES (213, 20, '2025-07-18', 3673.07, 'Credit');
INSERT INTO Transactions VALUES (214, 20, '2025-05-09', 2492.72, 'Credit');
INSERT INTO Transactions VALUES (215, 20, '2025-03-16', 3575.21, 'Credit');
INSERT INTO Transactions VALUES (216, 20, '2025-04-05', 2647.56, 'Credit');
INSERT INTO Transactions VALUES (217, 20, '2025-04-06', 3456.08, 'Debit');
INSERT INTO Transactions VALUES (218, 20, '2025-04-28', 2805.66, 'Credit');
INSERT INTO Transactions VALUES (219, 20, '2025-06-29', 189.59, 'Debit');
INSERT INTO Transactions VALUES (220, 21, '2025-07-06', 3237.14, 'Credit');
INSERT INTO Transactions VALUES (221, 21, '2025-04-26', 3249.65, 'Credit');
INSERT INTO Transactions VALUES (222, 21, '2025-04-07', 2019.31, 'Credit');
INSERT INTO Transactions VALUES (223, 21, '2025-05-30', 2607.81, 'Debit');
INSERT INTO Transactions VALUES (224, 21, '2025-03-29', 1754.21, 'Credit');
INSERT INTO Transactions VALUES (225, 21, '2025-04-28', 3973.25, 'Credit');
INSERT INTO Transactions VALUES (226, 21, '2025-03-17', 162.88, 'Debit');
INSERT INTO Transactions VALUES (227, 21, '2025-04-30', 3334.25, 'Debit');
INSERT INTO Transactions VALUES (228, 21, '2025-02-22', 2851.15, 'Credit');
INSERT INTO Transactions VALUES (229, 21, '2025-05-30', 3970.11, 'Debit');
INSERT INTO Transactions VALUES (230, 21, '2025-06-19', 1688.6, 'Credit');
INSERT INTO Transactions VALUES (231, 21, '2025-07-19', 1535.99, 'Credit');
INSERT INTO Transactions VALUES (232, 21, '2025-07-13', 4006.98, 'Credit');
INSERT INTO Transactions VALUES (233, 21, '2025-02-19', 4713.37, 'Credit');
INSERT INTO Transactions VALUES (234, 21, '2025-03-03', 602.58, 'Credit');
INSERT INTO Transactions VALUES (235, 22, '2025-08-02', 2772.29, 'Credit');
INSERT INTO Transactions VALUES (236, 22, '2025-04-27', 1353.75, 'Debit');
INSERT INTO Transactions VALUES (237, 22, '2025-05-25', 1893.27, 'Credit');
INSERT INTO Transactions VALUES (238, 22, '2025-04-23', 2058.43, 'Debit');
INSERT INTO Transactions VALUES (239, 22, '2025-07-14', 1338.55, 'Debit');
INSERT INTO Transactions VALUES (240, 22, '2025-05-16', 1469.83, 'Debit');
INSERT INTO Transactions VALUES (241, 23, '2025-05-21', 613.69, 'Debit');
INSERT INTO Transactions VALUES (242, 23, '2025-05-31', 3571.74, 'Credit');
INSERT INTO Transactions VALUES (243, 23, '2025-03-13', 2814.69, 'Credit');
INSERT INTO Transactions VALUES (244, 23, '2025-06-25', 4263.29, 'Credit');
INSERT INTO Transactions VALUES (245, 23, '2025-04-02', 1799.0, 'Debit');
INSERT INTO Transactions VALUES (246, 23, '2025-04-29', 4511.9, 'Credit');
INSERT INTO Transactions VALUES (247, 23, '2025-03-09', 1327.26, 'Debit');
INSERT INTO Transactions VALUES (248, 23, '2025-06-27', 3533.35, 'Credit');
INSERT INTO Transactions VALUES (249, 23, '2025-04-12', 882.06, 'Debit');
INSERT INTO Transactions VALUES (250, 23, '2025-04-26', 702.21, 'Debit');
INSERT INTO Transactions VALUES (251, 23, '2025-04-17', 2535.94, 'Debit');
INSERT INTO Transactions VALUES (252, 23, '2025-07-03', 998.51, 'Debit');
INSERT INTO Transactions VALUES (253, 23, '2025-04-03', 3211.16, 'Credit');
INSERT INTO Transactions VALUES (254, 23, '2025-04-16', 1901.68, 'Credit');
INSERT INTO Transactions VALUES (255, 24, '2025-08-07', 3839.95, 'Debit');
INSERT INTO Transactions VALUES (256, 24, '2025-06-27', 2667.44, 'Debit');
INSERT INTO Transactions VALUES (257, 24, '2025-02-26', 3891.78, 'Debit');
INSERT INTO Transactions VALUES (258, 24, '2025-06-03', 723.28, 'Debit');
INSERT INTO Transactions VALUES (259, 24, '2025-03-10', 4466.27, 'Debit');
INSERT INTO Transactions VALUES (260, 24, '2025-05-09', 1206.62, 'Debit');
INSERT INTO Transactions VALUES (261, 24, '2025-06-22', 4639.18, 'Debit');
INSERT INTO Transactions VALUES (262, 24, '2025-05-14', 1469.89, 'Debit');
INSERT INTO Transactions VALUES (263, 24, '2025-05-25', 1276.47, 'Debit');
INSERT INTO Transactions VALUES (264, 25, '2025-07-20', 1068.78, 'Credit');
INSERT INTO Transactions VALUES (265, 25, '2025-06-28', 1994.71, 'Debit');
INSERT INTO Transactions VALUES (266, 25, '2025-06-05', 3795.27, 'Credit');
INSERT INTO Transactions VALUES (267, 25, '2025-04-18', 2013.59, 'Credit');
INSERT INTO Transactions VALUES (268, 25, '2025-06-13', 507.15, 'Debit');
INSERT INTO Transactions VALUES (269, 25, '2025-06-11', 3736.56, 'Credit');
INSERT INTO Transactions VALUES (270, 25, '2025-06-02', 264.67, 'Debit');
INSERT INTO Transactions VALUES (271, 25, '2025-07-05', 445.99, 'Debit');
INSERT INTO Transactions VALUES (272, 25, '2025-02-24', 3893.25, 'Credit');
INSERT INTO Transactions VALUES (273, 25, '2025-08-05', 2643.68, 'Credit');
INSERT INTO Transactions VALUES (274, 25, '2025-02-27', 4472.45, 'Credit');
INSERT INTO Transactions VALUES (275, 25, '2025-06-05', 4871.64, 'Debit');
INSERT INTO Transactions VALUES (276, 26, '2025-03-20', 1488.32, 'Debit');
INSERT INTO Transactions VALUES (277, 26, '2025-06-20', 2739.58, 'Debit');
INSERT INTO Transactions VALUES (278, 26, '2025-02-18', 1332.8, 'Debit');
INSERT INTO Transactions VALUES (279, 26, '2025-07-20', 1470.59, 'Credit');
INSERT INTO Transactions VALUES (280, 26, '2025-07-19', 1949.18, 'Credit');
INSERT INTO Transactions VALUES (281, 26, '2025-04-11', 1878.74, 'Credit');
INSERT INTO Transactions VALUES (282, 26, '2025-03-04', 4026.75, 'Debit');
INSERT INTO Transactions VALUES (283, 26, '2025-06-26', 2542.31, 'Credit');
INSERT INTO Transactions VALUES (284, 26, '2025-04-24', 1890.81, 'Debit');
INSERT INTO Transactions VALUES (285, 26, '2025-03-20', 899.32, 'Credit');
INSERT INTO Transactions VALUES (286, 27, '2025-02-20', 904.49, 'Debit');
INSERT INTO Transactions VALUES (287, 27, '2025-03-16', 903.08, 'Debit');
INSERT INTO Transactions VALUES (288, 27, '2025-06-04', 790.75, 'Credit');
INSERT INTO Transactions VALUES (289, 27, '2025-06-12', 3537.23, 'Debit');
INSERT INTO Transactions VALUES (290, 27, '2025-08-12', 2333.74, 'Credit');
INSERT INTO Transactions VALUES (291, 27, '2025-02-26', 3866.78, 'Credit');
INSERT INTO Transactions VALUES (292, 27, '2025-02-19', 4100.57, 'Debit');
INSERT INTO Transactions VALUES (293, 27, '2025-04-14', 3635.42, 'Debit');
INSERT INTO Transactions VALUES (294, 27, '2025-05-19', 1401.61, 'Credit');
INSERT INTO Transactions VALUES (295, 27, '2025-07-07', 4898.64, 'Debit');
INSERT INTO Transactions VALUES (296, 27, '2025-06-12', 2931.22, 'Credit');
INSERT INTO Transactions VALUES (297, 27, '2025-04-30', 3058.84, 'Credit');
INSERT INTO Transactions VALUES (298, 27, '2025-07-30', 3138.62, 'Debit');
INSERT INTO Transactions VALUES (299, 27, '2025-05-18', 425.08, 'Debit');
INSERT INTO Transactions VALUES (300, 28, '2025-06-01', 3670.38, 'Credit');
INSERT INTO Transactions VALUES (301, 28, '2025-02-21', 3607.02, 'Debit');
INSERT INTO Transactions VALUES (302, 28, '2025-02-14', 1786.55, 'Debit');
INSERT INTO Transactions VALUES (303, 28, '2025-03-28', 468.05, 'Credit');
INSERT INTO Transactions VALUES (304, 28, '2025-07-10', 2980.89, 'Credit');
INSERT INTO Transactions VALUES (305, 29, '2025-02-14', 1849.91, 'Credit');
INSERT INTO Transactions VALUES (306, 29, '2025-03-04', 3424.72, 'Debit');
INSERT INTO Transactions VALUES (307, 29, '2025-07-25', 2050.24, 'Credit');
INSERT INTO Transactions VALUES (308, 29, '2025-06-08', 3298.15, 'Debit');
INSERT INTO Transactions VALUES (309, 29, '2025-04-19', 4560.65, 'Credit');
INSERT INTO Transactions VALUES (310, 29, '2025-07-22', 746.92, 'Credit');
INSERT INTO Transactions VALUES (311, 29, '2025-06-24', 531.81, 'Credit');
INSERT INTO Transactions VALUES (312, 29, '2025-02-17', 4707.85, 'Credit');
INSERT INTO Transactions VALUES (313, 29, '2025-02-17', 2497.35, 'Credit');
INSERT INTO Transactions VALUES (314, 29, '2025-07-09', 1398.35, 'Credit');
INSERT INTO Transactions VALUES (315, 29, '2025-07-13', 185.46, 'Debit');
INSERT INTO Transactions VALUES (316, 29, '2025-05-24', 4306.43, 'Credit');
INSERT INTO Transactions VALUES (317, 29, '2025-07-06', 4219.97, 'Debit');
INSERT INTO Transactions VALUES (318, 29, '2025-08-06', 3864.88, 'Credit');
INSERT INTO Transactions VALUES (319, 29, '2025-04-07', 4022.52, 'Debit');
INSERT INTO Transactions VALUES (320, 30, '2025-07-03', 3221.99, 'Credit');
INSERT INTO Transactions VALUES (321, 30, '2025-04-13', 3505.76, 'Debit');
INSERT INTO Transactions VALUES (322, 30, '2025-05-20', 1377.72, 'Debit');
INSERT INTO Transactions VALUES (323, 30, '2025-05-06', 3723.99, 'Credit');
INSERT INTO Transactions VALUES (324, 30, '2025-02-24', 4284.33, 'Credit');
INSERT INTO Transactions VALUES (325, 30, '2025-04-04', 2705.66, 'Credit');
INSERT INTO Transactions VALUES (326, 30, '2025-07-03', 2953.39, 'Debit');
INSERT INTO Transactions VALUES (327, 30, '2025-03-19', 4401.54, 'Debit');
INSERT INTO Transactions VALUES (328, 31, '2025-05-12', 2764.38, 'Credit');
INSERT INTO Transactions VALUES (329, 31, '2025-07-29', 2190.99, 'Debit');
INSERT INTO Transactions VALUES (330, 31, '2025-03-03', 2038.08, 'Credit');
INSERT INTO Transactions VALUES (331, 31, '2025-02-21', 3463.98, 'Credit');
INSERT INTO Transactions VALUES (332, 31, '2025-07-18', 4581.37, 'Debit');
INSERT INTO Transactions VALUES (333, 31, '2025-03-16', 3652.08, 'Debit');
INSERT INTO Transactions VALUES (334, 31, '2025-07-15', 152.53, 'Credit');
INSERT INTO Transactions VALUES (335, 31, '2025-07-15', 2021.04, 'Credit');
INSERT INTO Transactions VALUES (336, 31, '2025-04-24', 3586.14, 'Debit');
INSERT INTO Transactions VALUES (337, 31, '2025-07-17', 4928.4, 'Credit');
INSERT INTO Transactions VALUES (338, 31, '2025-04-05', 3707.31, 'Debit');
INSERT INTO Transactions VALUES (339, 31, '2025-04-04', 3499.97, 'Debit');
INSERT INTO Transactions VALUES (340, 31, '2025-07-26', 2938.07, 'Debit');
INSERT INTO Transactions VALUES (341, 31, '2025-05-22', 3207.18, 'Debit');
INSERT INTO Transactions VALUES (342, 31, '2025-07-28', 3472.1, 'Debit');
INSERT INTO Transactions VALUES (343, 32, '2025-05-03', 813.81, 'Debit');
INSERT INTO Transactions VALUES (344, 32, '2025-02-13', 3956.95, 'Credit');
INSERT INTO Transactions VALUES (345, 32, '2025-03-19', 3992.6, 'Debit');
INSERT INTO Transactions VALUES (346, 32, '2025-08-12', 2791.27, 'Debit');
INSERT INTO Transactions VALUES (347, 32, '2025-04-28', 3090.75, 'Credit');
INSERT INTO Transactions VALUES (348, 32, '2025-03-22', 3605.68, 'Debit');
INSERT INTO Transactions VALUES (349, 32, '2025-03-23', 4731.79, 'Debit');
INSERT INTO Transactions VALUES (350, 32, '2025-02-14', 1796.99, 'Credit');
INSERT INTO Transactions VALUES (351, 32, '2025-07-15', 4648.56, 'Credit');
INSERT INTO Transactions VALUES (352, 32, '2025-07-06', 1070.31, 'Credit');
INSERT INTO Transactions VALUES (353, 32, '2025-06-11', 1265.44, 'Debit');
INSERT INTO Transactions VALUES (354, 32, '2025-03-10', 3215.17, 'Debit');
INSERT INTO Transactions VALUES (355, 32, '2025-04-23', 2727.45, 'Debit');
INSERT INTO Transactions VALUES (356, 32, '2025-05-15', 3736.02, 'Credit');
INSERT INTO Transactions VALUES (357, 32, '2025-04-23', 2374.87, 'Debit');
INSERT INTO Transactions VALUES (358, 33, '2025-02-27', 4349.94, 'Credit');
INSERT INTO Transactions VALUES (359, 33, '2025-02-27', 4792.49, 'Credit');
INSERT INTO Transactions VALUES (360, 33, '2025-02-17', 4125.6, 'Debit');
INSERT INTO Transactions VALUES (361, 33, '2025-08-03', 4587.74, 'Debit');
INSERT INTO Transactions VALUES (362, 33, '2025-02-19', 1187.72, 'Credit');
INSERT INTO Transactions VALUES (363, 33, '2025-02-19', 3231.39, 'Debit');
INSERT INTO Transactions VALUES (364, 33, '2025-07-09', 2659.75, 'Credit');
INSERT INTO Transactions VALUES (365, 34, '2025-08-01', 2708.66, 'Credit');
INSERT INTO Transactions VALUES (366, 34, '2025-06-08', 618.39, 'Debit');
INSERT INTO Transactions VALUES (367, 34, '2025-03-19', 898.71, 'Credit');
INSERT INTO Transactions VALUES (368, 34, '2025-02-22', 2913.65, 'Credit');
INSERT INTO Transactions VALUES (369, 34, '2025-02-22', 3895.28, 'Debit');
INSERT INTO Transactions VALUES (370, 34, '2025-05-31', 3300.25, 'Debit');
INSERT INTO Transactions VALUES (371, 34, '2025-07-20', 2069.69, 'Debit');
INSERT INTO Transactions VALUES (372, 34, '2025-02-23', 440.39, 'Debit');
INSERT INTO Transactions VALUES (373, 34, '2025-03-04', 3588.84, 'Debit');
INSERT INTO Transactions VALUES (374, 34, '2025-08-12', 3777.95, 'Debit');
INSERT INTO Transactions VALUES (375, 35, '2025-07-05', 3044.36, 'Debit');
INSERT INTO Transactions VALUES (376, 35, '2025-05-22', 1858.01, 'Credit');
INSERT INTO Transactions VALUES (377, 35, '2025-06-10', 4082.92, 'Debit');
INSERT INTO Transactions VALUES (378, 35, '2025-05-01', 199.75, 'Credit');
INSERT INTO Transactions VALUES (379, 35, '2025-03-06', 2436.67, 'Credit');
INSERT INTO Transactions VALUES (380, 35, '2025-05-29', 3351.59, 'Credit');
INSERT INTO Transactions VALUES (381, 35, '2025-03-27', 2200.38, 'Debit');
INSERT INTO Transactions VALUES (382, 35, '2025-02-23', 3370.43, 'Debit');
INSERT INTO Transactions VALUES (383, 35, '2025-06-10', 1777.25, 'Credit');
INSERT INTO Transactions VALUES (384, 36, '2025-07-07', 3728.96, 'Debit');
INSERT INTO Transactions VALUES (385, 36, '2025-04-20', 925.21, 'Debit');
INSERT INTO Transactions VALUES (386, 36, '2025-02-17', 4087.01, 'Debit');
INSERT INTO Transactions VALUES (387, 36, '2025-05-23', 2634.98, 'Credit');
INSERT INTO Transactions VALUES (388, 36, '2025-06-10', 1272.59, 'Credit');
INSERT INTO Transactions VALUES (389, 36, '2025-05-23', 183.58, 'Credit');
INSERT INTO Transactions VALUES (390, 36, '2025-03-07', 1259.49, 'Credit');
INSERT INTO Transactions VALUES (391, 36, '2025-04-13', 644.07, 'Credit');
INSERT INTO Transactions VALUES (392, 36, '2025-07-29', 3528.23, 'Credit');
INSERT INTO Transactions VALUES (393, 36, '2025-08-07', 991.24, 'Debit');
INSERT INTO Transactions VALUES (394, 36, '2025-06-08', 3342.71, 'Credit');
INSERT INTO Transactions VALUES (395, 36, '2025-05-06', 4686.63, 'Credit');
INSERT INTO Transactions VALUES (396, 36, '2025-03-06', 527.35, 'Debit');
INSERT INTO Transactions VALUES (397, 36, '2025-07-29', 1693.55, 'Debit');
INSERT INTO Transactions VALUES (398, 36, '2025-08-01', 4148.48, 'Debit');
INSERT INTO Transactions VALUES (399, 37, '2025-05-17', 2243.64, 'Credit');
INSERT INTO Transactions VALUES (400, 37, '2025-06-19', 2502.82, 'Debit');
INSERT INTO Transactions VALUES (401, 37, '2025-03-05', 1400.27, 'Credit');
INSERT INTO Transactions VALUES (402, 37, '2025-02-19', 2944.0, 'Credit');
INSERT INTO Transactions VALUES (403, 37, '2025-05-23', 2263.98, 'Credit');
INSERT INTO Transactions VALUES (404, 37, '2025-07-21', 1236.43, 'Credit');
INSERT INTO Transactions VALUES (405, 37, '2025-06-25', 1411.2, 'Debit');
INSERT INTO Transactions VALUES (406, 37, '2025-04-06', 3550.25, 'Credit');
INSERT INTO Transactions VALUES (407, 37, '2025-03-10', 1557.98, 'Credit');
INSERT INTO Transactions VALUES (408, 37, '2025-04-08', 1257.2, 'Credit');
INSERT INTO Transactions VALUES (409, 37, '2025-05-29', 1107.12, 'Credit');
INSERT INTO Transactions VALUES (410, 37, '2025-05-11', 2238.67, 'Credit');
INSERT INTO Transactions VALUES (411, 37, '2025-08-10', 2800.97, 'Debit');
INSERT INTO Transactions VALUES (412, 37, '2025-03-26', 4993.67, 'Debit');
INSERT INTO Transactions VALUES (413, 38, '2025-05-27', 694.55, 'Debit');
INSERT INTO Transactions VALUES (414, 38, '2025-03-29', 130.66, 'Debit');
INSERT INTO Transactions VALUES (415, 38, '2025-07-06', 957.6, 'Credit');
INSERT INTO Transactions VALUES (416, 38, '2025-07-12', 3398.98, 'Credit');
INSERT INTO Transactions VALUES (417, 38, '2025-05-19', 4457.38, 'Debit');
INSERT INTO Transactions VALUES (418, 38, '2025-06-20', 1904.59, 'Credit');
INSERT INTO Transactions VALUES (419, 38, '2025-08-02', 1975.33, 'Debit');
INSERT INTO Transactions VALUES (420, 38, '2025-04-16', 1381.51, 'Credit');
INSERT INTO Transactions VALUES (421, 38, '2025-05-23', 3649.49, 'Credit');
INSERT INTO Transactions VALUES (422, 38, '2025-04-19', 2691.22, 'Credit');
INSERT INTO Transactions VALUES (423, 38, '2025-04-26', 3613.52, 'Debit');
INSERT INTO Transactions VALUES (424, 39, '2025-04-13', 867.45, 'Credit');
INSERT INTO Transactions VALUES (425, 39, '2025-06-23', 3101.84, 'Credit');
INSERT INTO Transactions VALUES (426, 39, '2025-07-28', 1859.04, 'Credit');
INSERT INTO Transactions VALUES (427, 39, '2025-08-11', 3994.62, 'Debit');
INSERT INTO Transactions VALUES (428, 39, '2025-04-06', 3117.96, 'Debit');
INSERT INTO Transactions VALUES (429, 39, '2025-04-22', 3365.54, 'Debit');
INSERT INTO Transactions VALUES (430, 39, '2025-08-10', 2128.3, 'Credit');
INSERT INTO Transactions VALUES (431, 39, '2025-07-24', 2926.44, 'Debit');
INSERT INTO Transactions VALUES (432, 39, '2025-03-27', 2241.94, 'Credit');
INSERT INTO Transactions VALUES (433, 39, '2025-04-24', 289.44, 'Credit');
INSERT INTO Transactions VALUES (434, 39, '2025-06-05', 307.96, 'Credit');
INSERT INTO Transactions VALUES (435, 40, '2025-07-27', 825.33, 'Credit');
INSERT INTO Transactions VALUES (436, 40, '2025-03-28', 3596.94, 'Debit');
INSERT INTO Transactions VALUES (437, 40, '2025-03-21', 4772.29, 'Credit');
INSERT INTO Transactions VALUES (438, 40, '2025-04-28', 3352.67, 'Credit');
INSERT INTO Transactions VALUES (439, 40, '2025-02-18', 4876.91, 'Credit');
INSERT INTO Transactions VALUES (440, 40, '2025-06-25', 3052.44, 'Credit');
INSERT INTO Transactions VALUES (441, 40, '2025-07-31', 242.32, 'Credit');
INSERT INTO Transactions VALUES (442, 40, '2025-02-23', 1756.21, 'Credit');
INSERT INTO Transactions VALUES (443, 40, '2025-04-30', 3645.91, 'Debit');
INSERT INTO Transactions VALUES (444, 41, '2025-04-09', 1054.57, 'Credit');
INSERT INTO Transactions VALUES (445, 41, '2025-07-29', 906.49, 'Credit');
INSERT INTO Transactions VALUES (446, 41, '2025-02-27', 4467.22, 'Debit');
INSERT INTO Transactions VALUES (447, 41, '2025-02-18', 4972.06, 'Credit');
INSERT INTO Transactions VALUES (448, 41, '2025-04-27', 2424.13, 'Credit');
INSERT INTO Transactions VALUES (449, 41, '2025-05-31', 4310.81, 'Debit');
INSERT INTO Transactions VALUES (450, 41, '2025-04-09', 3288.11, 'Debit');
INSERT INTO Transactions VALUES (451, 41, '2025-03-21', 3432.19, 'Debit');
INSERT INTO Transactions VALUES (452, 41, '2025-06-11', 4019.79, 'Debit');
INSERT INTO Transactions VALUES (453, 41, '2025-06-26', 911.4, 'Debit');
INSERT INTO Transactions VALUES (454, 41, '2025-07-05', 1430.66, 'Credit');
INSERT INTO Transactions VALUES (455, 41, '2025-03-02', 2126.51, 'Credit');
INSERT INTO Transactions VALUES (456, 41, '2025-02-14', 1329.53, 'Credit');
INSERT INTO Transactions VALUES (457, 41, '2025-06-30', 457.13, 'Credit');
INSERT INTO Transactions VALUES (458, 42, '2025-07-10', 1140.99, 'Debit');
INSERT INTO Transactions VALUES (459, 42, '2025-02-26', 1566.94, 'Debit');
INSERT INTO Transactions VALUES (460, 42, '2025-05-16', 3777.88, 'Debit');
INSERT INTO Transactions VALUES (461, 42, '2025-06-13', 4874.25, 'Debit');
INSERT INTO Transactions VALUES (462, 42, '2025-06-09', 2239.12, 'Credit');
INSERT INTO Transactions VALUES (463, 42, '2025-03-19', 2978.52, 'Credit');
INSERT INTO Transactions VALUES (464, 42, '2025-02-19', 841.6, 'Debit');
INSERT INTO Transactions VALUES (465, 42, '2025-08-07', 1836.25, 'Debit');
INSERT INTO Transactions VALUES (466, 42, '2025-07-10', 2849.34, 'Credit');
INSERT INTO Transactions VALUES (467, 42, '2025-04-20', 1709.98, 'Debit');
INSERT INTO Transactions VALUES (468, 43, '2025-07-01', 837.96, 'Credit');
INSERT INTO Transactions VALUES (469, 43, '2025-03-03', 4359.31, 'Debit');
INSERT INTO Transactions VALUES (470, 43, '2025-04-05', 2720.21, 'Debit');
INSERT INTO Transactions VALUES (471, 43, '2025-05-01', 2652.48, 'Credit');
INSERT INTO Transactions VALUES (472, 43, '2025-05-28', 2044.44, 'Credit');
INSERT INTO Transactions VALUES (473, 43, '2025-06-06', 2372.58, 'Debit');
INSERT INTO Transactions VALUES (474, 43, '2025-04-26', 2102.24, 'Debit');
INSERT INTO Transactions VALUES (475, 43, '2025-05-01', 4073.6, 'Debit');
INSERT INTO Transactions VALUES (476, 43, '2025-05-18', 1436.7, 'Debit');
INSERT INTO Transactions VALUES (477, 43, '2025-05-22', 1079.63, 'Credit');
INSERT INTO Transactions VALUES (478, 43, '2025-07-30', 626.6, 'Debit');
INSERT INTO Transactions VALUES (479, 43, '2025-03-11', 1616.15, 'Credit');
INSERT INTO Transactions VALUES (480, 44, '2025-06-28', 705.03, 'Debit');
INSERT INTO Transactions VALUES (481, 44, '2025-03-08', 1677.4, 'Debit');
INSERT INTO Transactions VALUES (482, 44, '2025-07-04', 1476.75, 'Credit');
INSERT INTO Transactions VALUES (483, 44, '2025-03-29', 1688.12, 'Debit');
INSERT INTO Transactions VALUES (484, 44, '2025-05-19', 2090.35, 'Credit');
INSERT INTO Transactions VALUES (485, 44, '2025-03-02', 2888.74, 'Credit');
INSERT INTO Transactions VALUES (486, 44, '2025-02-13', 2070.5, 'Credit');
INSERT INTO Transactions VALUES (487, 44, '2025-04-23', 835.88, 'Debit');
INSERT INTO Transactions VALUES (488, 44, '2025-03-12', 404.92, 'Debit');
INSERT INTO Transactions VALUES (489, 44, '2025-03-09', 1635.9, 'Credit');
INSERT INTO Transactions VALUES (490, 44, '2025-07-29', 4129.13, 'Credit');
INSERT INTO Transactions VALUES (491, 44, '2025-03-12', 2117.75, 'Credit');
INSERT INTO Transactions VALUES (492, 44, '2025-02-21', 2206.41, 'Credit');
INSERT INTO Transactions VALUES (493, 45, '2025-06-28', 3235.86, 'Credit');
INSERT INTO Transactions VALUES (494, 45, '2025-05-21', 4532.31, 'Credit');
INSERT INTO Transactions VALUES (495, 45, '2025-08-14', 4442.33, 'Credit');
INSERT INTO Transactions VALUES (496, 45, '2025-03-09', 4627.48, 'Debit');
INSERT INTO Transactions VALUES (497, 45, '2025-07-14', 1627.82, 'Credit');
INSERT INTO Transactions VALUES (498, 45, '2025-07-31', 4820.68, 'Debit');
INSERT INTO Transactions VALUES (499, 45, '2025-04-11', 822.57, 'Credit');
INSERT INTO Transactions VALUES (500, 45, '2025-08-06', 3101.36, 'Credit');
INSERT INTO Transactions VALUES (501, 45, '2025-03-01', 4516.55, 'Credit');
INSERT INTO Transactions VALUES (502, 45, '2025-06-04', 709.95, 'Credit');
INSERT INTO Transactions VALUES (503, 45, '2025-05-14', 2070.66, 'Credit');
INSERT INTO Transactions VALUES (504, 45, '2025-07-19', 2330.32, 'Debit');
INSERT INTO Transactions VALUES (505, 45, '2025-07-22', 3566.53, 'Credit');
INSERT INTO Transactions VALUES (506, 45, '2025-07-30', 3442.61, 'Debit');
INSERT INTO Transactions VALUES (507, 46, '2025-04-12', 2746.28, 'Credit');
INSERT INTO Transactions VALUES (508, 46, '2025-08-09', 791.59, 'Credit');
INSERT INTO Transactions VALUES (509, 46, '2025-07-18', 181.99, 'Debit');
INSERT INTO Transactions VALUES (510, 46, '2025-05-21', 3838.01, 'Debit');
INSERT INTO Transactions VALUES (511, 46, '2025-04-29', 3972.23, 'Credit');
INSERT INTO Transactions VALUES (512, 46, '2025-03-17', 2386.45, 'Credit');
INSERT INTO Transactions VALUES (513, 46, '2025-05-21', 1615.23, 'Credit');
INSERT INTO Transactions VALUES (514, 46, '2025-08-02', 385.51, 'Debit');
INSERT INTO Transactions VALUES (515, 46, '2025-03-15', 1421.48, 'Debit');
INSERT INTO Transactions VALUES (516, 46, '2025-08-07', 429.61, 'Debit');
INSERT INTO Transactions VALUES (517, 47, '2025-04-25', 2987.45, 'Debit');
INSERT INTO Transactions VALUES (518, 47, '2025-03-15', 3280.23, 'Credit');
INSERT INTO Transactions VALUES (519, 47, '2025-04-28', 596.87, 'Credit');
INSERT INTO Transactions VALUES (520, 47, '2025-06-08', 653.48, 'Debit');
INSERT INTO Transactions VALUES (521, 47, '2025-03-03', 1044.41, 'Credit');
INSERT INTO Transactions VALUES (522, 47, '2025-06-05', 2716.11, 'Debit');
INSERT INTO Transactions VALUES (523, 47, '2025-07-20', 3771.37, 'Credit');
INSERT INTO Transactions VALUES (524, 47, '2025-04-26', 4480.55, 'Debit');
INSERT INTO Transactions VALUES (525, 48, '2025-03-05', 4823.08, 'Credit');
INSERT INTO Transactions VALUES (526, 48, '2025-02-22', 4115.44, 'Debit');
INSERT INTO Transactions VALUES (527, 48, '2025-02-17', 433.46, 'Debit');
INSERT INTO Transactions VALUES (528, 48, '2025-07-04', 2898.8, 'Credit');
INSERT INTO Transactions VALUES (529, 48, '2025-04-06', 3721.04, 'Debit');
INSERT INTO Transactions VALUES (530, 49, '2025-05-19', 3923.75, 'Credit');
INSERT INTO Transactions VALUES (531, 49, '2025-03-10', 3719.28, 'Credit');
INSERT INTO Transactions VALUES (532, 49, '2025-02-18', 4105.38, 'Credit');
INSERT INTO Transactions VALUES (533, 49, '2025-06-09', 2734.25, 'Credit');
INSERT INTO Transactions VALUES (534, 49, '2025-02-17', 3916.25, 'Debit');
INSERT INTO Transactions VALUES (535, 49, '2025-07-30', 3592.19, 'Credit');
INSERT INTO Transactions VALUES (536, 49, '2025-03-23', 1403.57, 'Debit');
INSERT INTO Transactions VALUES (537, 49, '2025-07-20', 1087.16, 'Debit');
INSERT INTO Transactions VALUES (538, 49, '2025-06-22', 3267.12, 'Credit');
INSERT INTO Transactions VALUES (539, 50, '2025-07-03', 2515.14, 'Credit');
INSERT INTO Transactions VALUES (540, 50, '2025-06-14', 3886.74, 'Credit');
INSERT INTO Transactions VALUES (541, 50, '2025-04-01', 884.32, 'Credit');
INSERT INTO Transactions VALUES (542, 50, '2025-04-23', 2939.48, 'Debit');
INSERT INTO Transactions VALUES (543, 50, '2025-05-25', 606.09, 'Debit');
INSERT INTO Transactions VALUES (544, 50, '2025-07-22', 592.28, 'Credit');
INSERT INTO Transactions VALUES (545, 50, '2025-07-25', 3595.26, 'Debit');
INSERT INTO Transactions VALUES (546, 50, '2025-07-26', 2116.2, 'Debit');
INSERT INTO Transactions VALUES (547, 51, '2025-06-10', 1964.37, 'Debit');
INSERT INTO Transactions VALUES (548, 51, '2025-07-11', 4801.27, 'Credit');
INSERT INTO Transactions VALUES (549, 51, '2025-06-09', 4746.42, 'Credit');
INSERT INTO Transactions VALUES (550, 51, '2025-03-10', 2929.18, 'Debit');
INSERT INTO Transactions VALUES (551, 51, '2025-06-20', 1435.8, 'Debit');
INSERT INTO Transactions VALUES (552, 51, '2025-04-24', 4847.33, 'Credit');
INSERT INTO Transactions VALUES (553, 51, '2025-08-09', 3585.19, 'Debit');
INSERT INTO Transactions VALUES (554, 51, '2025-02-23', 3536.83, 'Credit');
INSERT INTO Transactions VALUES (555, 51, '2025-03-18', 4163.05, 'Debit');
INSERT INTO Transactions VALUES (556, 51, '2025-05-24', 1333.17, 'Credit');
INSERT INTO Transactions VALUES (557, 51, '2025-07-13', 3217.81, 'Credit');
INSERT INTO Transactions VALUES (558, 52, '2025-05-15', 2729.02, 'Credit');
INSERT INTO Transactions VALUES (559, 52, '2025-06-23', 1288.86, 'Debit');
INSERT INTO Transactions VALUES (560, 52, '2025-04-06', 2356.18, 'Debit');
INSERT INTO Transactions VALUES (561, 52, '2025-03-21', 598.46, 'Debit');
INSERT INTO Transactions VALUES (562, 52, '2025-02-19', 1734.68, 'Debit');
INSERT INTO Transactions VALUES (563, 52, '2025-04-01', 2948.27, 'Credit');
INSERT INTO Transactions VALUES (564, 52, '2025-08-01', 4590.62, 'Credit');
INSERT INTO Transactions VALUES (565, 52, '2025-02-26', 2514.25, 'Credit');
INSERT INTO Transactions VALUES (566, 52, '2025-04-03', 3110.17, 'Credit');
INSERT INTO Transactions VALUES (567, 52, '2025-04-19', 1844.98, 'Debit');
INSERT INTO Transactions VALUES (568, 52, '2025-07-12', 4327.28, 'Debit');
INSERT INTO Transactions VALUES (569, 52, '2025-03-04', 3431.53, 'Credit');
INSERT INTO Transactions VALUES (570, 53, '2025-05-01', 2910.15, 'Credit');
INSERT INTO Transactions VALUES (571, 53, '2025-05-31', 3106.39, 'Credit');
INSERT INTO Transactions VALUES (572, 53, '2025-03-24', 3104.68, 'Debit');
INSERT INTO Transactions VALUES (573, 53, '2025-02-15', 1308.29, 'Credit');
INSERT INTO Transactions VALUES (574, 53, '2025-06-11', 4211.28, 'Credit');
INSERT INTO Transactions VALUES (575, 53, '2025-04-26', 1932.31, 'Debit');
INSERT INTO Transactions VALUES (576, 53, '2025-06-07', 1711.88, 'Credit');
INSERT INTO Transactions VALUES (577, 53, '2025-05-02', 4581.09, 'Credit');
INSERT INTO Transactions VALUES (578, 53, '2025-07-12', 375.37, 'Debit');
INSERT INTO Transactions VALUES (579, 53, '2025-08-10', 4882.09, 'Credit');
INSERT INTO Transactions VALUES (580, 54, '2025-06-10', 1245.28, 'Credit');
INSERT INTO Transactions VALUES (581, 54, '2025-02-17', 3768.3, 'Credit');
INSERT INTO Transactions VALUES (582, 54, '2025-04-21', 960.7, 'Debit');
INSERT INTO Transactions VALUES (583, 54, '2025-03-28', 3021.55, 'Debit');
INSERT INTO Transactions VALUES (584, 54, '2025-06-23', 2676.95, 'Credit');
INSERT INTO Transactions VALUES (585, 54, '2025-05-29', 1970.32, 'Debit');
INSERT INTO Transactions VALUES (586, 54, '2025-06-14', 4969.35, 'Credit');
INSERT INTO Transactions VALUES (587, 54, '2025-05-30', 424.1, 'Debit');
INSERT INTO Transactions VALUES (588, 55, '2025-03-08', 237.28, 'Credit');
INSERT INTO Transactions VALUES (589, 55, '2025-06-01', 4153.45, 'Debit');
INSERT INTO Transactions VALUES (590, 55, '2025-06-09', 2913.19, 'Credit');
INSERT INTO Transactions VALUES (591, 55, '2025-06-30', 2769.41, 'Credit');
INSERT INTO Transactions VALUES (592, 55, '2025-07-21', 968.23, 'Debit');
INSERT INTO Transactions VALUES (593, 55, '2025-07-02', 2281.9, 'Debit');
INSERT INTO Transactions VALUES (594, 55, '2025-07-12', 1717.17, 'Credit');
INSERT INTO Transactions VALUES (595, 55, '2025-05-19', 3080.9, 'Debit');
INSERT INTO Transactions VALUES (596, 55, '2025-05-09', 2524.32, 'Credit');
INSERT INTO Transactions VALUES (597, 55, '2025-02-25', 2336.09, 'Debit');
INSERT INTO Transactions VALUES (598, 55, '2025-07-25', 1254.2, 'Credit');
INSERT INTO Transactions VALUES (599, 55, '2025-04-06', 3233.63, 'Debit');
INSERT INTO Transactions VALUES (600, 55, '2025-02-26', 3409.63, 'Credit');
INSERT INTO Transactions VALUES (601, 56, '2025-04-11', 3880.01, 'Debit');
INSERT INTO Transactions VALUES (602, 56, '2025-05-19', 2455.97, 'Credit');
INSERT INTO Transactions VALUES (603, 56, '2025-07-04', 1463.32, 'Debit');
INSERT INTO Transactions VALUES (604, 56, '2025-04-26', 494.04, 'Debit');
INSERT INTO Transactions VALUES (605, 56, '2025-02-25', 2200.63, 'Credit');
INSERT INTO Transactions VALUES (606, 56, '2025-06-30', 4186.69, 'Debit');
INSERT INTO Transactions VALUES (607, 56, '2025-07-04', 2832.1, 'Credit');
INSERT INTO Transactions VALUES (608, 56, '2025-03-11', 1864.99, 'Credit');
INSERT INTO Transactions VALUES (609, 56, '2025-06-03', 3884.6, 'Credit');
INSERT INTO Transactions VALUES (610, 56, '2025-05-28', 3849.2, 'Debit');
INSERT INTO Transactions VALUES (611, 56, '2025-02-19', 3785.77, 'Debit');
INSERT INTO Transactions VALUES (612, 56, '2025-06-21', 953.83, 'Credit');
INSERT INTO Transactions VALUES (613, 56, '2025-03-17', 2023.63, 'Credit');
INSERT INTO Transactions VALUES (614, 56, '2025-08-12', 3362.87, 'Debit');
INSERT INTO Transactions VALUES (615, 56, '2025-07-25', 4530.16, 'Debit');
INSERT INTO Transactions VALUES (616, 57, '2025-08-06', 2149.77, 'Credit');
INSERT INTO Transactions VALUES (617, 57, '2025-07-20', 2751.07, 'Debit');
INSERT INTO Transactions VALUES (618, 57, '2025-02-24', 4704.59, 'Credit');
INSERT INTO Transactions VALUES (619, 57, '2025-03-08', 3901.81, 'Credit');
INSERT INTO Transactions VALUES (620, 57, '2025-04-09', 1877.54, 'Credit');
INSERT INTO Transactions VALUES (621, 57, '2025-03-04', 1152.95, 'Debit');
INSERT INTO Transactions VALUES (622, 57, '2025-04-20', 409.6, 'Debit');
INSERT INTO Transactions VALUES (623, 57, '2025-06-20', 2228.75, 'Credit');
INSERT INTO Transactions VALUES (624, 57, '2025-05-22', 694.85, 'Credit');
INSERT INTO Transactions VALUES (625, 57, '2025-07-30', 4365.28, 'Debit');
INSERT INTO Transactions VALUES (626, 58, '2025-04-10', 422.88, 'Debit');
INSERT INTO Transactions VALUES (627, 58, '2025-02-24', 2962.6, 'Credit');
INSERT INTO Transactions VALUES (628, 58, '2025-03-02', 3102.08, 'Credit');
INSERT INTO Transactions VALUES (629, 58, '2025-06-11', 1073.04, 'Credit');
INSERT INTO Transactions VALUES (630, 58, '2025-02-26', 628.7, 'Credit');
INSERT INTO Transactions VALUES (631, 58, '2025-08-03', 4299.66, 'Credit');
INSERT INTO Transactions VALUES (632, 58, '2025-06-08', 1090.14, 'Debit');
INSERT INTO Transactions VALUES (633, 58, '2025-06-29', 3017.99, 'Credit');
INSERT INTO Transactions VALUES (634, 58, '2025-02-21', 3253.3, 'Credit');
INSERT INTO Transactions VALUES (635, 58, '2025-04-29', 1464.06, 'Debit');
INSERT INTO Transactions VALUES (636, 58, '2025-03-11', 4892.55, 'Debit');
INSERT INTO Transactions VALUES (637, 58, '2025-05-26', 946.18, 'Debit');
INSERT INTO Transactions VALUES (638, 58, '2025-03-25', 2999.46, 'Credit');
INSERT INTO Transactions VALUES (639, 58, '2025-03-08', 3837.12, 'Credit');
INSERT INTO Transactions VALUES (640, 58, '2025-06-21', 279.97, 'Credit');
INSERT INTO Transactions VALUES (641, 59, '2025-03-12', 3413.0, 'Debit');
INSERT INTO Transactions VALUES (642, 59, '2025-05-16', 1035.97, 'Credit');
INSERT INTO Transactions VALUES (643, 59, '2025-07-31', 3886.06, 'Debit');
INSERT INTO Transactions VALUES (644, 59, '2025-07-02', 4369.81, 'Credit');
INSERT INTO Transactions VALUES (645, 59, '2025-05-23', 2912.17, 'Credit');
INSERT INTO Transactions VALUES (646, 60, '2025-02-13', 3710.66, 'Debit');
INSERT INTO Transactions VALUES (647, 60, '2025-03-02', 1378.93, 'Debit');
INSERT INTO Transactions VALUES (648, 60, '2025-03-31', 103.21, 'Debit');
INSERT INTO Transactions VALUES (649, 60, '2025-06-18', 2211.12, 'Debit');
INSERT INTO Transactions VALUES (650, 60, '2025-05-09', 4901.56, 'Debit');
INSERT INTO Transactions VALUES (651, 60, '2025-05-16', 4038.73, 'Credit');
INSERT INTO Transactions VALUES (652, 60, '2025-02-20', 3732.31, 'Debit');
INSERT INTO Transactions VALUES (653, 60, '2025-04-05', 634.67, 'Debit');
INSERT INTO Transactions VALUES (654, 60, '2025-06-19', 4820.36, 'Credit');
INSERT INTO Transactions VALUES (655, 60, '2025-03-24', 4116.9, 'Debit');
INSERT INTO Transactions VALUES (656, 60, '2025-06-20', 1468.35, 'Credit');
INSERT INTO Transactions VALUES (657, 61, '2025-07-24', 3027.24, 'Credit');
INSERT INTO Transactions VALUES (658, 61, '2025-05-21', 3793.59, 'Debit');
INSERT INTO Transactions VALUES (659, 61, '2025-07-05', 4379.63, 'Debit');
INSERT INTO Transactions VALUES (660, 61, '2025-05-09', 2210.21, 'Debit');
INSERT INTO Transactions VALUES (661, 61, '2025-05-27', 1593.23, 'Debit');
INSERT INTO Transactions VALUES (662, 61, '2025-03-31', 3838.74, 'Credit');
INSERT INTO Transactions VALUES (663, 61, '2025-06-18', 861.42, 'Debit');
INSERT INTO Transactions VALUES (664, 61, '2025-08-02', 4335.06, 'Debit');
INSERT INTO Transactions VALUES (665, 61, '2025-05-28', 2485.83, 'Debit');
INSERT INTO Transactions VALUES (666, 61, '2025-06-23', 274.09, 'Credit');
INSERT INTO Transactions VALUES (667, 61, '2025-07-20', 4148.37, 'Debit');
INSERT INTO Transactions VALUES (668, 61, '2025-08-13', 224.75, 'Credit');
INSERT INTO Transactions VALUES (669, 61, '2025-05-09', 1691.76, 'Credit');
INSERT INTO Transactions VALUES (670, 61, '2025-08-09', 4631.52, 'Debit');
INSERT INTO Transactions VALUES (671, 62, '2025-02-17', 2593.17, 'Credit');
INSERT INTO Transactions VALUES (672, 62, '2025-05-19', 4164.82, 'Credit');
INSERT INTO Transactions VALUES (673, 62, '2025-07-24', 2326.84, 'Debit');
INSERT INTO Transactions VALUES (674, 62, '2025-07-30', 4497.98, 'Credit');
INSERT INTO Transactions VALUES (675, 62, '2025-03-26', 182.97, 'Credit');
INSERT INTO Transactions VALUES (676, 62, '2025-05-27', 1764.48, 'Credit');
INSERT INTO Transactions VALUES (677, 62, '2025-03-27', 799.9, 'Debit');
INSERT INTO Transactions VALUES (678, 62, '2025-07-09', 1046.42, 'Debit');
INSERT INTO Transactions VALUES (679, 62, '2025-07-20', 1368.03, 'Credit');
INSERT INTO Transactions VALUES (680, 62, '2025-07-22', 1798.08, 'Debit');
INSERT INTO Transactions VALUES (681, 62, '2025-02-21', 4848.07, 'Credit');
INSERT INTO Transactions VALUES (682, 62, '2025-04-19', 2193.31, 'Debit');
INSERT INTO Transactions VALUES (683, 62, '2025-06-03', 1808.54, 'Debit');
INSERT INTO Transactions VALUES (684, 63, '2025-04-16', 445.22, 'Debit');
INSERT INTO Transactions VALUES (685, 63, '2025-08-05', 4843.17, 'Debit');
INSERT INTO Transactions VALUES (686, 63, '2025-06-13', 2898.61, 'Credit');
INSERT INTO Transactions VALUES (687, 63, '2025-04-04', 3244.3, 'Credit');
INSERT INTO Transactions VALUES (688, 63, '2025-06-29', 699.11, 'Credit');
INSERT INTO Transactions VALUES (689, 63, '2025-06-29', 358.02, 'Credit');
INSERT INTO Transactions VALUES (690, 63, '2025-05-28', 1032.5, 'Credit');
INSERT INTO Transactions VALUES (691, 64, '2025-02-14', 1780.3, 'Debit');
INSERT INTO Transactions VALUES (692, 64, '2025-06-28', 3326.61, 'Credit');
INSERT INTO Transactions VALUES (693, 64, '2025-05-08', 3692.69, 'Debit');
INSERT INTO Transactions VALUES (694, 64, '2025-06-26', 4390.67, 'Credit');
INSERT INTO Transactions VALUES (695, 64, '2025-06-18', 399.04, 'Credit');
INSERT INTO Transactions VALUES (696, 64, '2025-02-23', 4429.75, 'Debit');
INSERT INTO Transactions VALUES (697, 65, '2025-08-11', 3919.36, 'Debit');
INSERT INTO Transactions VALUES (698, 65, '2025-03-24', 756.62, 'Credit');
INSERT INTO Transactions VALUES (699, 65, '2025-04-13', 969.78, 'Debit');
INSERT INTO Transactions VALUES (700, 65, '2025-08-13', 3768.88, 'Debit');
INSERT INTO Transactions VALUES (701, 65, '2025-06-24', 3261.2, 'Credit');
INSERT INTO Transactions VALUES (702, 65, '2025-05-29', 2788.01, 'Debit');
INSERT INTO Transactions VALUES (703, 65, '2025-03-20', 2999.24, 'Credit');
INSERT INTO Transactions VALUES (704, 65, '2025-08-09', 2773.17, 'Debit');
INSERT INTO Transactions VALUES (705, 65, '2025-02-17', 2726.35, 'Credit');
INSERT INTO Transactions VALUES (706, 65, '2025-05-26', 1047.63, 'Credit');
INSERT INTO Transactions VALUES (707, 65, '2025-06-23', 4882.93, 'Debit');
INSERT INTO Transactions VALUES (708, 65, '2025-05-16', 4884.2, 'Debit');
INSERT INTO Transactions VALUES (709, 65, '2025-06-12', 3883.89, 'Debit');
INSERT INTO Transactions VALUES (710, 65, '2025-03-13', 1986.71, 'Debit');
INSERT INTO Transactions VALUES (711, 66, '2025-06-29', 1279.86, 'Debit');
INSERT INTO Transactions VALUES (712, 66, '2025-06-06', 2926.88, 'Credit');
INSERT INTO Transactions VALUES (713, 66, '2025-05-20', 1272.54, 'Credit');
INSERT INTO Transactions VALUES (714, 66, '2025-04-27', 2143.04, 'Credit');
INSERT INTO Transactions VALUES (715, 66, '2025-07-30', 500.57, 'Credit');
INSERT INTO Transactions VALUES (716, 66, '2025-05-09', 1240.15, 'Debit');
INSERT INTO Transactions VALUES (717, 66, '2025-03-07', 1959.8, 'Debit');
INSERT INTO Transactions VALUES (718, 66, '2025-03-23', 814.0, 'Credit');
INSERT INTO Transactions VALUES (719, 66, '2025-05-29', 165.87, 'Debit');
INSERT INTO Transactions VALUES (720, 66, '2025-03-08', 4551.57, 'Credit');
INSERT INTO Transactions VALUES (721, 66, '2025-03-24', 4496.41, 'Credit');
INSERT INTO Transactions VALUES (722, 66, '2025-03-18', 2644.7, 'Credit');
INSERT INTO Transactions VALUES (723, 66, '2025-07-17', 2532.39, 'Debit');
INSERT INTO Transactions VALUES (724, 66, '2025-05-11', 139.96, 'Debit');
INSERT INTO Transactions VALUES (725, 67, '2025-03-14', 2605.68, 'Credit');
INSERT INTO Transactions VALUES (726, 67, '2025-03-29', 4845.75, 'Credit');
INSERT INTO Transactions VALUES (727, 67, '2025-02-27', 2246.55, 'Debit');
INSERT INTO Transactions VALUES (728, 67, '2025-05-22', 1194.05, 'Credit');
INSERT INTO Transactions VALUES (729, 67, '2025-06-20', 4690.83, 'Credit');
INSERT INTO Transactions VALUES (730, 67, '2025-04-03', 536.71, 'Credit');
INSERT INTO Transactions VALUES (731, 67, '2025-05-31', 4538.78, 'Credit');
INSERT INTO Transactions VALUES (732, 67, '2025-06-19', 2781.05, 'Debit');
INSERT INTO Transactions VALUES (733, 68, '2025-02-22', 1982.84, 'Debit');
INSERT INTO Transactions VALUES (734, 68, '2025-04-18', 280.98, 'Credit');
INSERT INTO Transactions VALUES (735, 68, '2025-05-21', 204.22, 'Credit');
INSERT INTO Transactions VALUES (736, 68, '2025-03-01', 468.3, 'Credit');
INSERT INTO Transactions VALUES (737, 68, '2025-06-25', 1709.1, 'Debit');
INSERT INTO Transactions VALUES (738, 68, '2025-05-11', 2735.9, 'Credit');
INSERT INTO Transactions VALUES (739, 68, '2025-06-11', 4365.17, 'Credit');
INSERT INTO Transactions VALUES (740, 68, '2025-04-16', 2465.59, 'Credit');
INSERT INTO Transactions VALUES (741, 68, '2025-07-19', 2301.21, 'Credit');
INSERT INTO Transactions VALUES (742, 68, '2025-03-13', 1651.29, 'Credit');
INSERT INTO Transactions VALUES (743, 68, '2025-06-04', 4626.35, 'Debit');
INSERT INTO Transactions VALUES (744, 69, '2025-02-16', 758.93, 'Debit');
INSERT INTO Transactions VALUES (745, 69, '2025-07-31', 1002.74, 'Debit');
INSERT INTO Transactions VALUES (746, 69, '2025-05-29', 2069.78, 'Credit');
INSERT INTO Transactions VALUES (747, 69, '2025-06-09', 3178.77, 'Credit');
INSERT INTO Transactions VALUES (748, 69, '2025-04-30', 3877.7, 'Debit');
INSERT INTO Transactions VALUES (749, 69, '2025-03-06', 4444.17, 'Debit');
INSERT INTO Transactions VALUES (750, 69, '2025-04-27', 1887.24, 'Credit');
INSERT INTO Transactions VALUES (751, 69, '2025-05-30', 1856.33, 'Credit');
INSERT INTO Transactions VALUES (752, 70, '2025-05-26', 3336.47, 'Credit');
INSERT INTO Transactions VALUES (753, 70, '2025-05-24', 2778.1, 'Credit');
INSERT INTO Transactions VALUES (754, 70, '2025-04-19', 3370.19, 'Debit');
INSERT INTO Transactions VALUES (755, 70, '2025-04-02', 827.72, 'Credit');
INSERT INTO Transactions VALUES (756, 70, '2025-03-25', 4427.4, 'Debit');
INSERT INTO Transactions VALUES (757, 70, '2025-04-02', 2006.65, 'Debit');
INSERT INTO Transactions VALUES (758, 70, '2025-06-18', 4167.9, 'Debit');
INSERT INTO Transactions VALUES (759, 70, '2025-03-25', 3584.95, 'Credit');
INSERT INTO Transactions VALUES (760, 70, '2025-07-28', 4601.69, 'Credit');
INSERT INTO Transactions VALUES (761, 70, '2025-03-09', 204.65, 'Credit');
INSERT INTO Transactions VALUES (762, 71, '2025-06-20', 2401.57, 'Debit');
INSERT INTO Transactions VALUES (763, 71, '2025-08-11', 2694.26, 'Credit');
INSERT INTO Transactions VALUES (764, 71, '2025-04-10', 2443.47, 'Credit');
INSERT INTO Transactions VALUES (765, 71, '2025-08-01', 4612.29, 'Debit');
INSERT INTO Transactions VALUES (766, 71, '2025-07-12', 2639.65, 'Credit');
INSERT INTO Transactions VALUES (767, 71, '2025-06-06', 2187.37, 'Debit');
INSERT INTO Transactions VALUES (768, 71, '2025-06-20', 1991.12, 'Credit');
INSERT INTO Transactions VALUES (769, 71, '2025-07-15', 3782.27, 'Debit');
INSERT INTO Transactions VALUES (770, 71, '2025-04-18', 735.95, 'Debit');
INSERT INTO Transactions VALUES (771, 71, '2025-04-20', 565.38, 'Credit');
INSERT INTO Transactions VALUES (772, 71, '2025-04-17', 1783.56, 'Debit');
INSERT INTO Transactions VALUES (773, 71, '2025-06-23', 912.04, 'Debit');
INSERT INTO Transactions VALUES (774, 71, '2025-07-23', 2952.26, 'Debit');
INSERT INTO Transactions VALUES (775, 72, '2025-05-15', 2541.92, 'Debit');
INSERT INTO Transactions VALUES (776, 72, '2025-08-05', 4607.05, 'Debit');
INSERT INTO Transactions VALUES (777, 72, '2025-07-14', 4744.32, 'Credit');
INSERT INTO Transactions VALUES (778, 72, '2025-05-23', 4233.67, 'Credit');
INSERT INTO Transactions VALUES (779, 72, '2025-05-29', 139.18, 'Credit');
INSERT INTO Transactions VALUES (780, 72, '2025-02-20', 2416.37, 'Debit');
INSERT INTO Transactions VALUES (781, 72, '2025-05-04', 1193.21, 'Debit');
INSERT INTO Transactions VALUES (782, 72, '2025-06-26', 4760.23, 'Credit');
INSERT INTO Transactions VALUES (783, 72, '2025-07-19', 3071.9, 'Debit');
INSERT INTO Transactions VALUES (784, 72, '2025-02-17', 921.36, 'Debit');
INSERT INTO Transactions VALUES (785, 73, '2025-02-23', 4039.4, 'Debit');
INSERT INTO Transactions VALUES (786, 73, '2025-04-25', 2403.32, 'Credit');
INSERT INTO Transactions VALUES (787, 73, '2025-03-05', 4312.14, 'Debit');
INSERT INTO Transactions VALUES (788, 73, '2025-05-08', 1277.16, 'Credit');
INSERT INTO Transactions VALUES (789, 73, '2025-03-23', 3107.34, 'Credit');
INSERT INTO Transactions VALUES (790, 73, '2025-06-02', 616.41, 'Debit');
INSERT INTO Transactions VALUES (791, 73, '2025-02-17', 3944.7, 'Credit');
INSERT INTO Transactions VALUES (792, 73, '2025-07-23', 702.27, 'Debit');
INSERT INTO Transactions VALUES (793, 73, '2025-05-12', 512.04, 'Credit');
INSERT INTO Transactions VALUES (794, 73, '2025-08-11', 3765.26, 'Debit');
INSERT INTO Transactions VALUES (795, 73, '2025-06-02', 3234.6, 'Credit');
INSERT INTO Transactions VALUES (796, 73, '2025-07-13', 3820.25, 'Credit');
INSERT INTO Transactions VALUES (797, 73, '2025-06-10', 3020.61, 'Debit');
INSERT INTO Transactions VALUES (798, 74, '2025-03-02', 2362.8, 'Debit');
INSERT INTO Transactions VALUES (799, 74, '2025-07-04', 594.67, 'Debit');
INSERT INTO Transactions VALUES (800, 74, '2025-06-28', 1107.41, 'Debit');
INSERT INTO Transactions VALUES (801, 74, '2025-06-19', 987.34, 'Credit');
INSERT INTO Transactions VALUES (802, 74, '2025-03-28', 3141.9, 'Debit');
INSERT INTO Transactions VALUES (803, 74, '2025-06-27', 3078.57, 'Debit');
INSERT INTO Transactions VALUES (804, 74, '2025-05-04', 3946.46, 'Debit');
INSERT INTO Transactions VALUES (805, 74, '2025-05-29', 281.74, 'Debit');
INSERT INTO Transactions VALUES (806, 74, '2025-08-02', 4652.94, 'Credit');
INSERT INTO Transactions VALUES (807, 74, '2025-06-18', 3087.98, 'Debit');
INSERT INTO Transactions VALUES (808, 74, '2025-03-11', 2476.07, 'Debit');
INSERT INTO Transactions VALUES (809, 75, '2025-03-25', 4715.58, 'Debit');
INSERT INTO Transactions VALUES (810, 75, '2025-06-02', 4132.31, 'Credit');
INSERT INTO Transactions VALUES (811, 75, '2025-03-21', 4058.76, 'Credit');
INSERT INTO Transactions VALUES (812, 75, '2025-04-09', 4603.54, 'Debit');
INSERT INTO Transactions VALUES (813, 75, '2025-02-28', 4732.45, 'Credit');
INSERT INTO Transactions VALUES (814, 75, '2025-07-14', 4597.53, 'Credit');
INSERT INTO Transactions VALUES (815, 75, '2025-03-16', 696.52, 'Credit');
INSERT INTO Transactions VALUES (816, 75, '2025-08-03', 3955.85, 'Debit');
INSERT INTO Transactions VALUES (817, 75, '2025-07-12', 910.3, 'Debit');
INSERT INTO Transactions VALUES (818, 75, '2025-03-05', 3022.25, 'Credit');
INSERT INTO Transactions VALUES (819, 75, '2025-06-25', 991.42, 'Credit');
INSERT INTO Transactions VALUES (820, 75, '2025-03-29', 3696.66, 'Credit');
INSERT INTO Loans VALUES (1, 24, 27521.4, 13.47, '2024-10-22', 'Closed');
INSERT INTO Loans VALUES (2, 41, 46422.69, 10.78, '2024-10-27', 'Closed');
INSERT INTO Loans VALUES (3, 18, 28721.25, 5.19, '2025-07-17', 'Closed');
INSERT INTO Loans VALUES (4, 27, 31918.9, 13.89, '2025-04-29', 'Defaulted');
INSERT INTO Loans VALUES (5, 28, 21289.28, 8.74, '2025-06-07', 'Closed');
INSERT INTO Loans VALUES (6, 17, 33632.62, 7.22, '2025-03-14', 'Defaulted');
INSERT INTO Loans VALUES (7, 34, 33363.39, 8.59, '2024-11-16', 'Active');
INSERT INTO Loans VALUES (8, 43, 27387.04, 14.25, '2024-10-08', 'Closed');
INSERT INTO Loans VALUES (9, 11, 17650.93, 7.18, '2024-11-03', 'Closed');
INSERT INTO Loans VALUES (10, 8, 36804.3, 13.29, '2025-04-11', 'Defaulted');
INSERT INTO Loans VALUES (11, 33, 35123.48, 8.47, '2024-08-30', 'Defaulted');
INSERT INTO Loans VALUES (12, 6, 23120.39, 8.26, '2025-02-17', 'Active');
INSERT INTO Loans VALUES (13, 26, 14913.06, 13.17, '2025-07-03', 'Defaulted');
INSERT INTO Loans VALUES (14, 40, 10956.19, 6.28, '2024-11-04', 'Active');
INSERT INTO Loans VALUES (15, 30, 22436.77, 12.56, '2024-11-26', 'Closed');
INSERT INTO Loans VALUES (16, 49, 32413.31, 8.2, '2025-03-27', 'Active');
INSERT INTO Loans VALUES (17, 42, 8695.23, 11.31, '2025-01-15', 'Defaulted');
INSERT INTO Loans VALUES (18, 10, 32687.18, 6.16, '2025-06-21', 'Closed');
INSERT INTO Loans VALUES (19, 2, 12896.13, 7.69, '2025-04-28', 'Defaulted');
INSERT INTO Loans VALUES (20, 1, 24409.1, 6.66, '2025-04-20', 'Defaulted');